epoch,time,train/box_loss,train/cls_loss,train/dfl_loss,metrics/precision(B),metrics/recall(B),metrics/mAP50(B),metrics/mAP50-95(B),val/box_loss,val/cls_loss,val/dfl_loss,lr/pg0,lr/pg1,lr/pg2
1,2.20839,0.8408,3.41669,1.25054,0.07,0.80769,0.06393,0.04868,0.66265,2.94567,0.98433,0,0,0
2,3.94811,1.49523,3.08105,1.67124,0.07333,0.84615,0.07038,0.05473,0.65787,2.94267,0.98023,1.9802e-05,1.9802e-05,1.9802e-05
3,5.65733,1.56917,3.39152,1.67579,0.08,0.92308,0.08325,0.06619,0.65661,2.93961,0.97603,3.9208e-05,3.9208e-05,3.9208e-05
4,7.21361,0.85401,3.42299,1.16211,0.08667,1,0.10861,0.08626,0.66414,2.94064,0.97786,5.8218e-05,5.8218e-05,5.8218e-05
5,8.8436,1.07549,3.30597,1.26737,0.08667,1,0.13085,0.10498,0.68966,2.93531,0.98242,7.6832e-05,7.6832e-05,7.6832e-05
6,10.4176,1.12931,3.21572,1.34613,0.08667,1,0.13732,0.1079,0.73792,2.92862,0.99297,9.505e-05,9.505e-05,9.505e-05
7,12.1228,1.005,2.99407,1.28539,0.08667,1,0.13711,0.10621,0.77689,2.92325,1.01299,0.000112872,0.000112872,0.000112872
8,13.7321,0.71893,2.68494,1.02673,0.08667,1,0.13688,0.10408,0.8447,2.91595,1.05084,0.000130298,0.000130298,0.000130298
9,15.3817,0.6772,2.70485,0.9846,0.08667,1,0.13439,0.09938,0.8829,2.90397,1.08285,0.000147328,0.000147328,0.000147328
10,17.0692,0.83713,2.64439,0.97238,0.08667,1,0.13509,0.1017,0.87783,2.88313,1.09122,0.000163962,0.000163962,0.000163962
11,18.7718,0.72037,2.2316,0.99899,0.08667,1,0.1431,0.10966,0.82761,2.85481,1.07225,0.0001802,0.0001802,0.0001802
12,20.6404,1.09795,2.68028,1.22963,0.08667,1,0.15566,0.11993,0.78158,2.81903,1.05086,0.000196042,0.000196042,0.000196042
13,22.3301,0.6204,1.86229,0.94637,0.08667,1,0.22186,0.16555,0.75535,2.77382,1.0444,0.000211488,0.000211488,0.000211488
14,24.0453,0.99526,2.33152,1.11536,0.08667,1,0.23442,0.18333,0.75535,2.71141,1.04962,0.000226538,0.000226538,0.000226538
15,25.6917,0.83016,1.58749,1.05024,0.08667,1,0.26561,0.20368,0.797,2.63067,1.07849,0.000241192,0.000241192,0.000241192
16,27.4011,0.62822,1.55345,0.92351,0.08667,1,0.35916,0.274,0.82799,2.50742,1.089,0.00025545,0.00025545,0.00025545
17,29.4934,0.6172,1.47685,0.9469,1,0.20677,0.55215,0.41405,0.88765,2.35623,1.10368,0.000269312,0.000269312,0.000269312
18,31.1326,1.10836,1.96799,1.16508,1,0.20677,0.55215,0.41405,0.88765,2.35623,1.10368,0.000282778,0.000282778,0.000282778
19,32.8635,0.87288,1.14507,0.94975,1,0.33192,0.80263,0.56262,0.98682,2.09104,1.04221,0.000295848,0.000295848,0.000295848
20,35.0833,0.87852,1.67248,1.05853,1,0.33192,0.80263,0.56262,0.98682,2.09104,1.04221,0.000308522,0.000308522,0.000308522
21,36.7009,1.13821,1.59106,1.27033,0.97468,0.73077,0.93736,0.61733,1.1302,1.63298,0.99769,0.0003208,0.0003208,0.0003208
22,38.2437,0.64849,0.99112,0.94975,0.97468,0.73077,0.93736,0.61733,1.1302,1.63298,0.99769,0.000332682,0.000332682,0.000332682
23,39.9137,0.7713,1.48795,0.96792,0.97141,0.96154,0.98924,0.66187,1.13101,1.23748,0.92246,0.000344168,0.000344168,0.000344168
24,41.5302,0.72126,0.87532,0.95958,0.97141,0.96154,0.98924,0.66187,1.13101,1.23748,0.92246,0.000355258,0.000355258,0.000355258
25,43.1681,0.6442,0.8436,0.91963,0.98107,0.99696,0.9933,0.75191,0.96735,1.12135,0.85016,0.000365952,0.000365952,0.000365952
26,44.8619,0.87498,1.05347,1.0649,0.98107,0.99696,0.9933,0.75191,0.96735,1.12135,0.85016,0.00037625,0.00037625,0.00037625
27,46.9897,0.6676,0.91043,0.96514,0.98076,0.98007,0.99217,0.76968,0.89216,1.14221,0.83011,0.000386152,0.000386152,0.000386152
28,48.6547,0.67568,0.76802,0.97107,0.98076,0.98007,0.99217,0.76968,0.89216,1.14221,0.83011,0.000395658,0.000395658,0.000395658
29,50.3268,0.6903,0.75207,0.94499,0.96928,0.94231,0.98995,0.75994,0.8881,1.20569,0.83887,0.000404768,0.000404768,0.000404768
30,51.9866,0.6931,0.88578,0.95752,0.96928,0.94231,0.98995,0.75994,0.8881,1.20569,0.83887,0.000413482,0.000413482,0.000413482
31,53.6772,0.82927,0.94793,1.03435,0.96716,0.90385,0.98629,0.72901,0.94107,1.31752,0.86154,0.0004218,0.0004218,0.0004218
32,55.8435,0.92301,0.99349,1.08986,0.96716,0.90385,0.98629,0.72901,0.94107,1.31752,0.86154,0.000429722,0.000429722,0.000429722
33,58.5468,0.62269,0.62773,0.88723,0.97877,0.88655,0.98016,0.71192,0.97297,1.38031,0.8817,0.000437248,0.000437248,0.000437248
34,60.8253,0.75012,0.90257,1.01536,0.97877,0.88655,0.98016,0.71192,0.97297,1.38031,0.8817,0.000444378,0.000444378,0.000444378
35,63.1079,0.70551,0.70904,0.90597,0.97874,0.88516,0.97603,0.74205,0.9204,1.32654,0.88676,0.000451112,0.000451112,0.000451112
36,64.8294,0.61157,0.8576,0.92799,0.97874,0.88516,0.97603,0.74205,0.9204,1.32654,0.88676,0.00045745,0.00045745,0.00045745
37,67.3013,0.6333,0.71833,0.91707,0.98028,0.88462,0.98403,0.77261,0.86855,1.20496,0.89448,0.000463392,0.000463392,0.000463392
38,69.3037,1.11244,1.15096,1.31037,0.98028,0.88462,0.98403,0.77261,0.86855,1.20496,0.89448,0.000468938,0.000468938,0.000468938
39,71.307,0.99854,1.10337,1.18394,0.99116,0.90385,0.98946,0.72268,0.99315,1.18655,0.95688,0.000474088,0.000474088,0.000474088
40,73.2426,0.90111,1.06054,1.12828,0.99116,0.90385,0.98946,0.72268,0.99315,1.18655,0.95688,0.000478842,0.000478842,0.000478842
41,75.8537,0.58246,0.86453,0.95225,1,0.97319,0.99481,0.71823,0.97302,1.12393,0.97675,0.0004832,0.0004832,0.0004832
42,79.2987,0.57178,0.72607,0.93151,1,0.97319,0.99481,0.71823,0.97302,1.12393,0.97675,0.000487162,0.000487162,0.000487162
43,81.6542,1.02105,1.1932,1.28109,1,0.97808,0.995,0.74087,0.90944,1.09776,0.97815,0.000490728,0.000490728,0.000490728
44,83.5211,0.65908,0.77498,0.93813,1,0.97808,0.995,0.74087,0.90944,1.09776,0.97815,0.000493898,0.000493898,0.000493898
45,85.3075,1.03359,1.17898,1.15392,0.99237,1,0.995,0.75567,0.85086,1.03705,0.97247,0.000496672,0.000496672,0.000496672
46,87.086,0.65314,0.72116,1.00322,0.99237,1,0.995,0.75567,0.85086,1.03705,0.97247,0.00049905,0.00049905,0.00049905
47,88.8595,0.58616,0.63595,0.99936,0.99342,1,0.995,0.77176,0.82561,0.93986,0.96121,0.000501032,0.000501032,0.000501032
48,90.5429,0.77611,0.74173,1.08075,0.99342,1,0.995,0.77176,0.82561,0.93986,0.96121,0.000502618,0.000502618,0.000502618
49,92.2214,0.65755,0.69602,0.95434,0.99243,1,0.995,0.76869,0.84904,0.89344,0.97328,0.000503808,0.000503808,0.000503808
50,93.94,0.62952,0.88761,1.0174,0.99243,1,0.995,0.76869,0.84904,0.89344,0.97328,0.000504602,0.000504602,0.000504602
51,95.8031,0.64052,0.74084,0.92797,0.9957,1,0.995,0.76161,0.85473,0.87475,0.97536,0.000505,0.000505,0.000505
52,97.5011,0.86609,1.2781,1.08679,0.9957,1,0.995,0.76161,0.85473,0.87475,0.97536,0.000505002,0.000505002,0.000505002
53,99.3589,0.91886,1.03806,1.11233,0.9957,1,0.995,0.76161,0.85473,0.87475,0.97536,0.000504608,0.000504608,0.000504608
54,101.058,0.60156,0.68717,0.9264,0.99881,1,0.995,0.7663,0.83308,0.84821,0.95224,0.000503818,0.000503818,0.000503818
55,102.837,0.63107,0.83989,0.93519,0.99881,1,0.995,0.7663,0.83308,0.84821,0.95224,0.000502632,0.000502632,0.000502632
56,104.59,0.90802,0.99069,1.17032,0.99881,1,0.995,0.7663,0.83308,0.84821,0.95224,0.00050105,0.00050105,0.00050105
57,106.367,0.94398,1.0065,1.15733,1,0.99892,0.995,0.77582,0.82219,0.82406,0.93194,0.000499072,0.000499072,0.000499072
58,108.135,0.74149,0.89882,1.08415,1,0.99892,0.995,0.77582,0.82219,0.82406,0.93194,0.000496698,0.000496698,0.000496698
59,109.86,0.7797,0.85843,1.06403,1,0.99892,0.995,0.77582,0.82219,0.82406,0.93194,0.000493928,0.000493928,0.000493928
60,111.608,0.81887,0.83184,1.07314,0.99831,1,0.995,0.75882,0.83329,0.82383,0.92204,0.000490762,0.000490762,0.000490762
61,113.401,0.64367,1.07448,0.92559,0.99831,1,0.995,0.75882,0.83329,0.82383,0.92204,0.0004872,0.0004872,0.0004872
62,115.124,0.92456,1.0287,1.06479,0.99831,1,0.995,0.75882,0.83329,0.82383,0.92204,0.000483242,0.000483242,0.000483242
63,116.837,0.63413,0.71924,1.00302,1,0.99932,0.995,0.75032,0.86047,0.78933,0.92074,0.000478888,0.000478888,0.000478888
64,118.499,0.58239,0.58502,0.93033,1,0.99932,0.995,0.75032,0.86047,0.78933,0.92074,0.000474138,0.000474138,0.000474138
65,120.434,0.9084,1.06037,1.08557,1,0.99932,0.995,0.75032,0.86047,0.78933,0.92074,0.000468992,0.000468992,0.000468992
66,122.404,0.84841,0.96734,1.04795,0.99846,1,0.995,0.7657,0.85188,0.75573,0.91823,0.00046345,0.00046345,0.00046345
67,124.179,0.81909,0.97392,1.11687,0.99846,1,0.995,0.7657,0.85188,0.75573,0.91823,0.000457512,0.000457512,0.000457512
68,125.941,0.72071,0.72093,1.03441,0.99846,1,0.995,0.7657,0.85188,0.75573,0.91823,0.000451178,0.000451178,0.000451178
69,127.725,0.69539,0.77645,0.99609,0.99703,1,0.995,0.76208,0.83918,0.74564,0.91782,0.000444448,0.000444448,0.000444448
70,129.44,0.58665,0.70611,0.94401,0.99703,1,0.995,0.76208,0.83918,0.74564,0.91782,0.000437322,0.000437322,0.000437322
71,131.139,0.83758,0.85933,1.12736,0.99703,1,0.995,0.76208,0.83918,0.74564,0.91782,0.0004298,0.0004298,0.0004298
72,132.86,0.58882,0.67805,0.89541,0.99743,1,0.995,0.75311,0.88253,0.74672,0.93456,0.000421882,0.000421882,0.000421882
73,134.555,0.78144,0.75699,1.02311,0.99743,1,0.995,0.75311,0.88253,0.74672,0.93456,0.000413568,0.000413568,0.000413568
74,136.233,0.69036,0.62974,0.93327,0.99743,1,0.995,0.75311,0.88253,0.74672,0.93456,0.000404858,0.000404858,0.000404858
75,138.028,0.73486,0.75288,1.06182,0.9979,1,0.995,0.75897,0.88694,0.7498,0.9335,0.000395752,0.000395752,0.000395752
76,139.752,0.59171,0.9258,0.94833,0.9979,1,0.995,0.75897,0.88694,0.7498,0.9335,0.00038625,0.00038625,0.00038625
77,141.53,0.76522,0.79035,1.02548,0.9979,1,0.995,0.75897,0.88694,0.7498,0.9335,0.000376352,0.000376352,0.000376352
78,143.515,0.60457,0.70134,0.95239,0.99845,1,0.995,0.7718,0.84552,0.72457,0.92963,0.000366058,0.000366058,0.000366058
79,147.192,0.72425,0.70412,1.01625,0.99845,1,0.995,0.7718,0.84552,0.72457,0.92963,0.000355368,0.000355368,0.000355368
80,148.916,0.6432,0.77592,0.92118,0.99845,1,0.995,0.7718,0.84552,0.72457,0.92963,0.000344282,0.000344282,0.000344282
81,150.63,0.58013,0.67963,0.94811,0.9987,1,0.995,0.78295,0.79605,0.69886,0.91694,0.0003328,0.0003328,0.0003328
82,152.312,0.50573,0.58389,0.88079,0.9987,1,0.995,0.78295,0.79605,0.69886,0.91694,0.000320922,0.000320922,0.000320922
83,153.991,0.56292,0.76545,0.92404,0.9987,1,0.995,0.78295,0.79605,0.69886,0.91694,0.000308648,0.000308648,0.000308648
84,155.778,0.7416,0.72699,0.98793,0.99897,1,0.995,0.78102,0.77575,0.66666,0.9173,0.000295978,0.000295978,0.000295978
85,157.476,0.54527,0.68083,0.8943,0.99897,1,0.995,0.78102,0.77575,0.66666,0.9173,0.000282912,0.000282912,0.000282912
86,159.203,0.70311,0.75787,0.98919,0.99897,1,0.995,0.78102,0.77575,0.66666,0.9173,0.00026945,0.00026945,0.00026945
87,160.93,0.55882,0.62762,0.8799,0.99897,1,0.995,0.78102,0.77575,0.66666,0.9173,0.000255592,0.000255592,0.000255592
88,162.712,0.60386,0.84513,0.92269,0.99888,1,0.995,0.77765,0.78295,0.63582,0.91909,0.000241338,0.000241338,0.000241338
89,164.416,0.87374,0.8713,1.10154,0.99888,1,0.995,0.77765,0.78295,0.63582,0.91909,0.000226688,0.000226688,0.000226688
90,166.183,0.84663,0.98494,1.0787,0.99888,1,0.995,0.77765,0.78295,0.63582,0.91909,0.000211642,0.000211642,0.000211642
91,167.878,0.50569,0.6709,0.88532,0.99888,1,0.995,0.77765,0.78295,0.63582,0.91909,0.0001962,0.0001962,0.0001962
92,169.603,0.56453,0.7624,0.95348,0.99886,1,0.995,0.78234,0.78908,0.62574,0.93155,0.000180362,0.000180362,0.000180362
93,171.261,0.5416,0.64998,0.91151,0.99886,1,0.995,0.78234,0.78908,0.62574,0.93155,0.000164128,0.000164128,0.000164128
94,172.973,0.49213,0.58239,0.87694,0.99886,1,0.995,0.78234,0.78908,0.62574,0.93155,0.000147498,0.000147498,0.000147498
95,174.704,0.49949,0.64972,0.85367,0.99886,1,0.995,0.78234,0.78908,0.62574,0.93155,0.000130472,0.000130472,0.000130472
96,176.439,0.52002,0.65978,0.87811,0.99892,1,0.995,0.79232,0.78888,0.60687,0.94026,0.00011305,0.00011305,0.00011305
97,178.128,0.49146,0.54195,0.86028,0.99892,1,0.995,0.79232,0.78888,0.60687,0.94026,9.5232e-05,9.5232e-05,9.5232e-05
98,179.934,0.53769,0.56465,0.86818,0.99892,1,0.995,0.79232,0.78888,0.60687,0.94026,7.7018e-05,7.7018e-05,7.7018e-05
99,181.679,0.45135,0.64471,0.89286,0.99892,1,0.995,0.79232,0.78888,0.60687,0.94026,5.8408e-05,5.8408e-05,5.8408e-05
100,183.489,0.53701,0.57692,0.91193,0.99893,1,0.995,0.78823,0.8,0.59051,0.95063,3.9402e-05,3.9402e-05,3.9402e-05
